FlightID,Origin,Destination,DepartureTime,ArrivalTime
F1,H,A,2025-05-06T00:26:46,2025-05-06T04:53:13
F2,K,A,2025-05-02T15:54:35,2025-05-02T20:40:16
F3,A,L,2025-05-07T00:54:06,2025-05-07T04:53:56
F4,A,J,2025-05-02T00:14:22,2025-05-02T04:35:49
F5,A,J,2025-05-06T23:58:03,2025-05-07T04:19:30
F6,J,A,2025-05-03T04:15:11,2025-05-03T07:54:38
F7,A,H,2025-05-02T13:32:44,2025-05-02T16:42:20
F8,A,K,2025-05-02T21:24:18,2025-05-03T01:11:02
F9,E,A,2025-05-01T20:49:17,2025-05-02T01:05:30
F10,A,G,2025-05-04T00:31:52,2025-05-04T03:40:40
F11,A,H,2025-05-07T03:37:42,2025-05-07T06:47:18
F12,I,A,2025-05-06T04:56:12,2025-05-06T06:26:42
F13,G,A,2025-05-03T02:52:38,2025-05-03T04:00:56
F14,C,A,2025-05-04T11:51:07,2025-05-04T12:55:10
F15,A,D,2025-05-04T10:36:49,2025-05-04T15:34:29
F16,A,F,2025-05-03T19:24:44,2025-05-03T22:21:52
F17,A,D,2025-05-07T00:40:41,2025-05-07T05:38:21
F18,A,C,2025-05-05T02:23:16,2025-05-05T06:56:42
F19,I,A,2025-05-04T10:13:55,2025-05-04T11:44:25
F20,E,A,2025-05-04T18:52:21,2025-05-04T23:08:34
F21,L,A,2025-05-02T05:27:21,2025-05-02T07:53:46
F22,A,D,2025-05-02T17:28:19,2025-05-02T22:25:59
F23,A,H,2025-05-04T00:16:50,2025-05-04T03:26:26
F24,H,A,2025-05-05T09:38:55,2025-05-05T14:05:22
F25,A,C,2025-05-07T06:40:23,2025-05-07T11:13:49
F26,A,D,2025-05-02T02:52:40,2025-05-02T07:50:20
F27,J,A,2025-05-01T17:58:17,2025-05-01T21:37:44
F28,A,K,2025-05-06T10:09:40,2025-05-06T13:56:24
F29,A,B,2025-05-03T11:38:30,2025-05-03T15:10:56
F30,E,A,2025-05-05T23:38:53,2025-05-06T03:55:06
F31,D,A,2025-05-05T09:25:14,2025-05-05T13:20:34
F32,G,A,2025-05-04T21:15:04,2025-05-04T22:23:22
F33,A,C,2025-05-06T12:59:01,2025-05-06T17:32:27
F34,A,K,2025-05-01T23:53:52,2025-05-02T03:40:36
F35,A,B,2025-05-01T07:34:44,2025-05-01T11:07:10
F36,A,K,2025-05-02T10:50:09,2025-05-02T14:36:53
F37,A,B,2025-05-07T08:05:59,2025-05-07T11:38:25
F38,A,E,2025-05-03T04:32:42,2025-05-03T08:43:00
F39,L,A,2025-05-08T00:39:13,2025-05-08T03:05:38
F40,A,J,2025-05-06T17:56:21,2025-05-06T22:17:48
F41,K,A,2025-05-01T08:54:01,2025-05-01T13:39:42
F42,A,E,2025-05-03T07:22:01,2025-05-03T11:32:19
F43,A,B,2025-05-01T15:20:19,2025-05-01T18:52:45
F44,L,A,2025-05-04T00:03:31,2025-05-04T02:29:56
F45,A,F,2025-05-06T04:58:46,2025-05-06T07:55:54
F46,A,F,2025-05-03T02:30:40,2025-05-03T05:27:48
F47,F,A,2025-05-06T09:08:41,2025-05-06T10:37:16
F48,A,K,2025-05-07T04:11:02,2025-05-07T07:57:46
F49,J,A,2025-05-06T02:39:22,2025-05-06T06:18:49
F50,F,A,2025-05-01T12:01:00,2025-05-01T13:29:35
F51,B,A,2025-05-03T21:44:28,2025-05-04T02:02:12
F52,H,A,2025-05-02T19:51:26,2025-05-03T00:17:53
F53,A,L,2025-05-03T06:36:18,2025-05-03T10:36:08
F54,A,C,2025-05-04T14:33:00,2025-05-04T19:06:26
F55,D,A,2025-05-07T20:41:22,2025-05-08T00:36:42
F56,A,L,2025-05-01T23:31:51,2025-05-02T03:31:41
F57,A,F,2025-05-02T07:41:10,2025-05-02T10:38:18
F58,J,A,2025-05-05T07:44:40,2025-05-05T11:24:07
F59,A,F,2025-05-06T12:29:26,2025-05-06T15:26:34
F60,A,G,2025-05-02T20:46:14,2025-05-02T23:55:02
F61,A,F,2025-05-04T06:02:55,2025-05-04T09:00:03
F62,G,A,2025-05-03T11:12:00,2025-05-03T12:20:18
F63,G,A,2025-05-06T15:06:09,2025-05-06T16:14:27
F64,C,A,2025-05-04T01:02:18,2025-05-04T02:06:21
F65,A,G,2025-05-04T23:55:28,2025-05-05T03:04:16
F66,A,L,2025-05-06T19:00:45,2025-05-06T23:00:35
F67,I,A,2025-05-05T05:46:40,2025-05-05T07:17:10
F68,C,A,2025-05-07T23:31:39,2025-05-08T00:35:42
F69,A,B,2025-05-04T20:52:12,2025-05-05T00:24:38
F70,A,E,2025-05-03T14:06:51,2025-05-03T18:17:09
F71,F,A,2025-05-05T06:24:17,2025-05-05T07:52:52
F72,F,A,2025-05-03T05:02:24,2025-05-03T06:30:59
F73,H,A,2025-05-03T18:15:56,2025-05-03T22:42:23
F74,A,H,2025-05-04T20:57:51,2025-05-05T00:07:27
F75,G,A,2025-05-02T10:46:22,2025-05-02T11:54:40
F76,A,I,2025-05-03T11:26:02,2025-05-03T15:51:05
F77,F,A,2025-05-01T16:49:10,2025-05-01T18:17:45
F78,E,A,2025-05-05T20:23:45,2025-05-06T00:39:58
F79,H,A,2025-05-03T18:13:56,2025-05-03T22:40:23
F80,A,F,2025-05-06T08:53:44,2025-05-06T11:50:52
F81,K,A,2025-05-04T19:39:42,2025-05-05T00:25:23
F82,A,C,2025-05-03T00:46:20,2025-05-03T05:19:46
F83,I,A,2025-05-03T04:39:36,2025-05-03T06:10:06
F84,B,A,2025-05-03T20:32:00,2025-05-04T00:49:44
F85,A,C,2025-05-02T14:37:54,2025-05-02T19:11:20
F86,A,D,2025-05-06T23:27:15,2025-05-07T04:24:55
F87,I,A,2025-05-07T23:33:18,2025-05-08T01:03:48
F88,H,A,2025-05-07T01:00:32,2025-05-07T05:26:59
F89,A,I,2025-05-03T23:37:47,2025-05-04T04:02:50
F90,A,G,2025-05-04T12:52:42,2025-05-04T16:01:30
F91,K,A,2025-05-01T20:31:17,2025-05-02T01:16:58
F92,C,A,2025-05-02T03:46:23,2025-05-02T04:50:26
F93,A,J,2025-05-02T23:31:48,2025-05-03T03:53:15
F94,I,A,2025-05-08T00:08:21,2025-05-08T01:38:51
F95,H,A,2025-05-07T02:57:00,2025-05-07T07:23:27
F96,A,K,2025-05-02T11:33:20,2025-05-02T15:20:04
F97,H,A,2025-05-04T17:12:51,2025-05-04T21:39:18
F98,A,K,2025-05-06T00:57:05,2025-05-06T04:43:49
F99,J,A,2025-05-07T20:34:09,2025-05-08T00:13:36
F100,I,A,2025-05-05T03:31:58,2025-05-05T05:02:28
F101,G,A,2025-05-05T13:51:28,2025-05-05T14:59:46
F102,K,A,2025-05-01T19:24:53,2025-05-02T00:10:34
F103,L,A,2025-05-06T16:24:28,2025-05-06T18:50:53
F104,A,L,2025-05-02T19:41:07,2025-05-02T23:40:57
F105,B,A,2025-05-02T12:44:16,2025-05-02T17:02:00
F106,A,E,2025-05-04T04:00:18,2025-05-04T08:10:36
F107,A,J,2025-05-06T21:00:57,2025-05-07T01:22:24
F108,B,A,2025-05-05T18:04:12,2025-05-05T22:21:56
F109,A,D,2025-05-03T02:14:34,2025-05-03T07:12:14
F110,A,G,2025-05-06T11:03:02,2025-05-06T14:11:50
F111,A,I,2025-05-04T03:52:26,2025-05-04T08:17:29
F112,J,A,2025-05-05T19:39:07,2025-05-05T23:18:34
F113,A,L,2025-05-03T08:59:31,2025-05-03T12:59:21
F114,D,A,2025-05-01T16:44:42,2025-05-01T20:40:02
F115,L,A,2025-05-02T10:15:18,2025-05-02T12:41:43
F116,J,A,2025-05-03T13:54:15,2025-05-03T17:33:42
F117,A,I,2025-05-02T12:42:35,2025-05-02T17:07:38
F118,A,K,2025-05-02T15:54:31,2025-05-02T19:41:15
F119,A,C,2025-05-07T05:37:47,2025-05-07T10:11:13
F120,F,A,2025-05-01T21:10:37,2025-05-01T22:39:12
F121,H,A,2025-05-04T02:31:47,2025-05-04T06:58:14
F122,J,A,2025-05-05T09:02:15,2025-05-05T12:41:42
F123,K,A,2025-05-03T11:14:38,2025-05-03T16:00:19
F124,C,A,2025-05-03T06:10:37,2025-05-03T07:14:40
F125,A,L,2025-05-03T21:35:47,2025-05-04T01:35:37
F126,B,A,2025-05-05T04:23:26,2025-05-05T08:41:10
F127,A,J,2025-05-05T02:06:28,2025-05-05T06:27:55
F128,A,F,2025-05-05T16:16:22,2025-05-05T19:13:30
F129,J,A,2025-05-08T00:47:20,2025-05-08T04:26:47
F130,A,K,2025-05-06T04:55:45,2025-05-06T08:42:29
F131,A,H,2025-05-03T10:08:27,2025-05-03T13:18:03
F132,L,A,2025-05-07T20:34:21,2025-05-07T23:00:46
F133,F,A,2025-05-02T09:03:33,2025-05-02T10:32:08
F134,C,A,2025-05-05T03:12:31,2025-05-05T04:16:34
F135,A,B,2025-05-04T05:05:50,2025-05-04T08:38:16
F136,K,A,2025-05-05T04:46:51,2025-05-05T09:32:32
F137,A,L,2025-05-03T16:50:43,2025-05-03T20:50:33
F138,I,A,2025-05-05T05:55:21,2025-05-05T07:25:51
F139,A,C,2025-05-02T10:38:04,2025-05-02T15:11:30
F140,J,A,2025-05-06T05:03:06,2025-05-06T08:42:33
F141,K,A,2025-05-02T19:11:52,2025-05-02T23:57:33
F142,L,A,2025-05-04T22:20:23,2025-05-05T00:46:48
F143,K,A,2025-05-02T06:07:34,2025-05-02T10:53:15
F144,H,A,2025-05-02T01:51:30,2025-05-02T06:17:57
F145,A,H,2025-05-03T10:23:12,2025-05-03T13:32:48
F146,J,A,2025-05-06T13:22:54,2025-05-06T17:02:21
F147,K,A,2025-05-01T16:53:37,2025-05-01T21:39:18
F148,A,E,2025-05-03T03:02:12,2025-05-03T07:12:30
F149,A,E,2025-05-04T07:52:06,2025-05-04T12:02:24
F150,A,L,2025-05-01T12:59:36,2025-05-01T16:59:26
